Genotypes,Replication,PH,SD,NOL,IND,DTH,DTA,NOGP,TGW,GY,,,,
GP-1,1,128,6.3,13,8.5,61,67,3140,26.82,79.43,,,,
GP-1,2,134,6.6,12,9.2,60,66,3079,27.31,81.62,,,,
GP-1,3,127,6.2,15,8.7,55,59,2955,27.98,77.38,,,,
GP-2,1,128,5.5,11,10.4,79,80,3265,25.44,75.45,,,,
GP-2,2,145,5.4,13,10.5,78,81,3139,24.67,74.37,,,,
GP-2,3,139,5.6,14,11.3,84,89,3372,24.93,76.66,,,,
GP-3,1,169,6.4,13,13.6,80,53,2454,23.16,55.19,,,,
GP-3,2,170,6.6,15,13.9,86,90,2489,23.56,58.63,,,,
GP-3,3,160,6.5,14,13.7,81,52,2523,24.18,57.99,,,,
GP-4,1,123,5.8,13,8.3,62,67,3329,29.44,92.16,,,,
GP-4,2,138,5.7,15,9,66,71,3217,28.38,88.43,,,,
GP-4,3,129,5.9,12,8.6,61,65,3384,29.51,90.12,,,,
GP-6,1,230,6.3,15,18,73,79,1684,22.24,34.95,,,,
GP-6,2,243,6.8,17,19,76,80,1598,23.13,36.56,,,,
GP-6,3,238,7.1,14,17.3,71,78,1647,22.65,33.42,,,,
GP-7,1,223,5.9,12,15.5,65,69,1836,21.45,39.27,,,,
GP-7,2,236,6,14,15.6,69,72,1798,21.79,38.16,,,,
GP-7,3,230,6.3,11,15.7,60,65,1812,20.98,37.54,,,,
GP-9,1,147,4.5,12,12,76,80,2591,25.52,53.15,,,,
GP-9,2,155,4.6,11,11.4,75,81,2526,23.28,55.23,,,,
GP-9,3,162,4.8,13,13,82,85,2625,22.69,56.28,,,,
GP-11,1,222,5.5,15,15.5,71,76,1821,21.23,37.25,,,,
GP-11,2,237,5.7,16,15.6,70,75,1736,21.12,33.16,,,,
GP-11,3,326,5.6,17,15.5,78,83,1597,21.97,29.98,,,,
GP-12,1,260,4.5,14,16.3,70,74,1621,21.29,31.29,,,,
GP-12,2,273,4.6,12,17,71,73,1605,20.19,29.58,,,,
GP-12,3,264,4.8,16,13.7,66,68,1525,20.11,28.89,,,,
GP-14,1,194,5.5,12,12,76,79,2498,23.56,53.65,,,,
GP-14,2,201,5.7,14,13,82,85,1665,22.28,33.61,,,,
GP-14,3,206,5.4,15,10,75,78,1622,22.65,31.15,,,,
GP-15,1,165,4.4,12,11,60,66,2598,23.69,56.21,,,,
GP-15,2,170,4.6,14,10.3,65,68,2498,23.53,51.71,,,,
GP-15,3,168,4.5,16,9.4,59,63,2449,23.15,54.21,,,,
GP-17,1,167,5.8,14,7.7,79,82,2439,23.25,54.18,,,,
GP-17,2,178,5.7,12,8.3,88,93,2532,24.19,61.25,,,,
GP-17,3,166,5.9,15,8.5,78,80,2426,24.11,53.87,,,,
GP-17-1,1,234,5.5,16,14.4,79,82,1752,21.65,31.25,,,,
GP-17-1,2,258,5.6,17,13.6,78,83,1525,23.36,33.02,,,,
GP-17-1,3,254,5.8,15,12.9,77,81,1510,23.22,32.52,,,,
GP-19,1,247,6.5,14,16,74,79,1509,23.18,30.21,,,,
GP-19,2,255,6.4,13,15,73,78,1535,23.30,31.25,,,,
GP-19,3,265,6.3,16,17,80,88,1611,22.35,32.26,,,,
GP-21,1,188,6.7,13,9.5,75,79,2523,24.19,58.21,,,,
GP-21,2,190,6.9,15,9.6,74,80,2511,24.12,56.23,,,,
GP-21,3,176,6.5,16,9.4,78,83,2522,24.17,52.39,,,,
GP-23,1,201,4.5,14,22,72,76,1756,21.75,31.62,,,,
GP-23,2,221,4.6,12,23,71,77,1821,21.36,35.28,,,,
GP-23,3,215,4.4,16,21,73,75,1811,21.14,34.85,,,,
GP-24,1,174,6.8,15,13,70,74,2456,23.58,52.37,,,,
GP-24,2,180,6.7,17,14,78,85,2595,24.88,59.74,,,,
GP-24,3,188,6.6,12,15,71,72,2523,24.16,57.84,,,,
GP-25,1,176,5.3,14,14,73,77,2522,24.14,57.54,,,,
GP-25,2,183,6,16,15,69,75,2523,24.16,54.61,,,,
GP-25,3,174,6.2,13,13,71,76,2456,23.25,49.28,,,,
GP-29,1,203,5,14,13.4,67,72,1723,21.29,31.21,,,,
GP-29,2,211,4.5,12,13.5,73,78,1809,21.58,32.82,,,,
GP-29,3,213,6,15,13.6,75,80,1503,23.16,29.25,,,,
GP-62,1,155,5.5,13,8.5,74,79,2526,24.15,52.45,,,,
GP-62,2,162,5.6,14,9.3,75,78,2625,24.98,61.56,,,,
GP-62,3,173,5.7,15,8.4,81,85,2423,23.12,48.74,,,,
GP-65,1,145,4.5,13,16.5,68,73,3139,24.67,71.54,,,,
GP-65,2,154,4.6,15,16.4,77,82,2519,24.09,57.62,,,,
GP-65,3,158,4.4,11,16.6,67,71,2515,24.13,55.29,,,,
GP-66,1,182,7.2,17,11.5,69,74,2511,24.12,56.25,,,,
GP-66,2,189,6.8,19,11.6,70,73,2510,24.14,53.25,,,,
GP-66,3,176,7.1,18,11.4,68,72,2522,24.15,55.29,,,,
GP-67,1,276,4.5,15,19,73,76,1601,22.40,38.56,,,,
GP-67,2,279,4.6,17,20,67,72,1598,23.13,32.45,,,,
GP-67,3,290,4.4,16,18,71,75,1576,23.10,30.78,,,,
GP-68,1,176,5.5,14,8.5,75,78,2522,24.15,51.35,,,,
GP-68,2,182,5.4,15,8.6,76,79,2511,24.12,54.65,,,,
GP-68,3,173,5.6,12,8.4,70,73,2423,23.12,51.85,,,,
GP-69,1,254,5.1,13,27.5,75,80,1510,23.11,31.53,,,,
GP-69,2,285,5.3,15,27.4,71,77,1565,23.09,32.57,,,,
GP-69,3,240,5.5,14,27.6,69,75,1585,23.21,33.85,,,,
GP-70,1,266,5.2,10,27,74,77,1520,23.36,31.52,,,,
GP-70,2,279,5.6,12,28,75,76,1598,23.44,25.62,,,,
GP-70,3,260,5.5,13,26,80,85,1621,22.21,32.75,,,,
GP-72,1,267,6.2,14,18,75,79,1515,23.10,29.56,,,,
GP-72,2,270,6.4,13,19,76,78,1601,22.19,28.62,,,,
GP-72,3,265,6,15,17,77,77,1513,23.12,27.55,,,,
GP-73,1,203,5,12,20,72,76,1723,21.26,30.25,,,,
GP-73,2,225,5.4,13,21,66,70,1825,21.46,35.84,,,,
GP-73,3,245,6.1,14,19,70,77,1575,23.42,29.69,,,,
GP-74,1,268,7.3,18,15,75,82,1511,23.51,32.55,,,,
GP-74,2,260,6.9,19,14,69,72,1621,22.54,30.59,,,,
GP-74,3,280,6.7,17,16,73,83,1565,23.52,31.25,,,,
GP-75,1,283,6.5,16,16,76,80,1555,23.61,29.52,,,,
GP-75,2,270,6.4,17,14,71,77,1601,22.81,36.25,,,,
GP-75,3,265,6.6,19,15,74,79,1513,23.15,34.29,,,,
GP-76,1,208,6.6,15,12.5,79,83,1612,22.52,37.58,,,,
GP-76,2,225,5.9,16,12.4,80,82,1811,20.92,36.85,,,,
GP-76,3,245,6.2,14,12.6,60,65,1575,23.25,34.59,,,,
YS-16,1,236,5.7,13,12.9,71,76,1798,21.79,34.88,,,,
YS-16,2,250,5.6,12,12.8,75,80,1501,23.74,32.71,,,,
YS-16,3,265,5.5,14,12.7,72,78,1513,23.56,31.96,,,,
YSS-98,1,211,6.3,15,9.2,66,70,1809,20.55,32.85,,,,
YSS-98,2,228,6.2,17,9.3,71,76,1678,22.29,34.89,,,,
YSS-98,3,250,6.4,14,9.4,69,77,1501,23.74,31.80,,,,
Desi M-Garh,1,195,5.4,12,13.6,61,65,2480,23.71,51.76,,,,
Desi M-Garh,2,180,5.3,14,13.7,64,70,2595,24.35,56.89,,,,
Desi M-Garh,3,175,5.5,15,13.5,66,68,2519,24.71,52.63,,,,
Desi-Sathrah,1,221,5.3,14,12.4,69,72,1821,21.45,33.75,,,,
Desi-Sathrah,2,242,5.4,15,12.3,63,67,1590,23.36,31.55,,,,
Desi-Sathrah,3,260,5.5,13,12.5,65,69,1620,22.32,32.58,,,,
Desi-BarK,1,231,5.4,16,13.7,67,71,1809,21.59,36.58,,,,
Desi-BarK,2,225,5.3,17,13.6,60,65,1825,21.77,36.45,,,,
Desi-BarK,3,255,5.6,15,13.5,65,70,1533,23.44,32.51,,,,
Desi-Wadoor,1,212,5.5,13,14.2,70,72,1501,23.52,34.96,,,,
Desi-Wadoor,2,223,5.4,12,14.3,67,73,1830,21.52,36.55,,,,
Desi-Wadoor,3,235,5.6,15,14.4,65,71,1791,21.98,35.65,,,,
Desi-Taunsa,1,198,6.3,14,13.3,71,76,2488,23.61,53.89,,,,
Desi-Taunsa,2,185,6.4,13,13.4,69,74,2490,23.69,55.63,,,,
Desi-Taunsa,3,170,6.5,15,13.5,67,75,2489,23.56,51.23,,,,
Desi Red-Taunsa,1,251,6.2,12,12.7,70,77,1530,23.15,31.46,,,,
Desi Red-Taunsa,2,269,6.3,11,12.8,75,79,1503,23.32,30.76,,,,
Desi Red-Taunsa,3,278,6.4,14,12.9,71,76,1501,23.41,31.29,,,,
Desi-Red-White,1,240,5.8,15,13.2,76,82,1635,22.71,33.21,,,,
Desi-Red-White,2,285,5.7,14,13.4,71,79,1525,23.81,34.53,,,,
Desi-Red-White,3,273,5.6,13,13.3,73,77,1598,23.13,32.69,,,,
,,,,,,,,,,,,,,
,,,,,,,,,,,,,,
,,,,,,,,,,,,,,
,,,,,,,,,,,,,,
,,,,,,,,,,,,,,
,,,,,,,,,,,,,,
,,,,,,,,,,,,,,
,,,,,,,,,,,,,,
,,,,,,,,,,,,,,
,,,,,,,,,,,,,,
,,,,,,,,,,,,,,
,,,,,,,,,,,,,,
,,,,,,,,,,,,,,
,,,,,,,,,,,,,,
,,,,,,,,,,,,,,
